ALTER SEQUENCE league_n4_id_seq  RESTART WITH 10000;
ALTER SEQUENCE team_n4_id_seq  RESTART WITH 10000;
ALTER SEQUENCE player_n4_id_seq  RESTART WITH 10000;

INSERT INTO public.player (n4_id, str_name, str_full_name, str_avatar_link, str_nationality, dt_birthday, is_right_foot, n4_kit_number, n4_height, str_role, n4_salary, str_status) VALUES (1, 'De Gea', 'David de Gea Quintana', 'https://resources.premierleague.com/premierleague/photos/players/250x250/p51940.png', 'Spain', '1990-11-07', true, 1, 192, 'GOALKEEPER', 375, 'ACTIVE');
INSERT INTO public.player (n4_id, str_name, str_full_name, str_avatar_link, str_nationality, dt_birthday, is_right_foot, n4_kit_number, n4_height, str_role, n4_salary, str_status) VALUES (2, 'Dean Henderson', 'Dean Bradley Henderson', 'https://resources.premierleague.com/premierleague/photos/players/250x250/p172649.png', 'Endland', '1997-03-12', true, 26, 188, 'GOALKEEPER', 100, 'ACTIVE');
INSERT INTO public.player (n4_id, str_name, str_full_name, str_avatar_link, str_nationality, dt_birthday, is_right_foot, n4_kit_number, n4_height, str_role, n4_salary, str_status) VALUES (3, 'Maguire', 'Jacob Harry Maguire', 'https://assets.manutd.com/AssetPicker/images/0/0/15/66/1000142/Treated_Player_Profile_Thumbnail_Maguire_11626421871630.jpg', 'Endland', '1993-03-05', true, 5, 194, 'DEFENDER', 190, 'ACTIVE');
INSERT INTO public.player (n4_id, str_name, str_full_name, str_avatar_link, str_nationality, dt_birthday, is_right_foot, n4_kit_number, n4_height, str_role, n4_salary, str_status) VALUES (4, 'Lindelof', 'Victor Jorgen Nilsson Lindelof', 'https://resources.premierleague.com/premierleague/photos/players/250x250/p184667.png', 'Sweden', '1994-07-17', true, 2, 187, 'DEFENDER', 120, 'ACTIVE');
INSERT INTO public.player (n4_id, str_name, str_full_name, str_avatar_link, str_nationality, dt_birthday, is_right_foot, n4_kit_number, n4_height, str_role, n4_salary, str_status) VALUES (5, 'Varane', 'Raphael Xavier Varane', 'https://assets.manutd.com/AssetPicker/images/0/0/15/121/1014053/Player_Profile_Thumbnail_RV_metadata_removed1629814324519.jpg', 'France', '1993-04-25', true, 99, 191, 'DEFENDER', 172, 'ACTIVE');
INSERT INTO public.player (n4_id, str_name, str_full_name, str_avatar_link, str_nationality, dt_birthday, is_right_foot, n4_kit_number, n4_height, str_role, n4_salary, str_status) VALUES (6, 'Bailly', 'Eric Bertrand Bailly', 'https://resources.premierleague.com/premierleague/photos/players/250x250/p197365.png', 'Ivory Coast', '1994-03-05', true, 3, 187, 'DEFENDER', 80, 'ACTIVE');
INSERT INTO public.player (n4_id, str_name, str_full_name, str_avatar_link, str_nationality, dt_birthday, is_right_foot, n4_kit_number, n4_height, str_role, n4_salary, str_status) VALUES (7, 'Tuanzebe', 'Axel Tuanzebe', 'https://assets.manutd.com/AssetPicker/images/0/0/15/66/1000161/Treated_Player_Profile_Thumbnail_Tuanzebe1626424466159.jpg', 'Congo', '1997-11-14', true, 38, 186, 'DEFENDER', 50, 'ACTIVE');
INSERT INTO public.player (n4_id, str_name, str_full_name, str_avatar_link, str_nationality, dt_birthday, is_right_foot, n4_kit_number, n4_height, str_role, n4_salary, str_status) VALUES (8, 'Phil Jones', 'Phil Anthony Jones', 'https://assets.manutd.com/AssetPicker/images/0/0/15/66/1000145/Treated_Player_Profile_Thumbnail_Jones1626423306220.jpg', 'Endland', '1992-02-21', true, 4, 185, 'DEFENDER', 75, 'ACTIVE');
INSERT INTO public.player (n4_id, str_name, str_full_name, str_avatar_link, str_nationality, dt_birthday, is_right_foot, n4_kit_number, n4_height, str_role, n4_salary, str_status) VALUES (9, 'Telles', 'Alex Nicolao Telles', 'https://assets.manutd.com/AssetPicker/images/0/0/15/55/997174/Alex_Telles_Landingpage1626421346294.jpg', 'Brazil', '1992-12-15', true, 27, 181, 'DEFENDER', 93, 'ACTIVE');
INSERT INTO public.player (n4_id, str_name, str_full_name, str_avatar_link, str_nationality, dt_birthday, is_right_foot, n4_kit_number, n4_height, str_role, n4_salary, str_status) VALUES (10, 'Luke Shaw', 'Luke Paul Hoare Shaw', 'https://assets.manutd.com/AssetPicker/images/0/0/15/66/1000135/Treated_Player_Profile_Thumbnail_Shaw1626422466032.jpg', 'Endland', '1995-07-12', false, 23, 185, 'DEFENDER', 150, 'ACTIVE');
INSERT INTO public.player (n4_id, str_name, str_full_name, str_avatar_link, str_nationality, dt_birthday, is_right_foot, n4_kit_number, n4_height, str_role, n4_salary, str_status) VALUES (11, 'Brandon W.', 'Brandon Paul Brian Williams', 'https://assets.manutd.com/AssetPicker/images/0/0/15/66/1000157/Treated_Player_Profile_Thumbnail_Williams1626356183344.jpg', 'Endland', '2000-09-03', false, 33, 172, 'DEFENDER', 65, 'ACTIVE');
INSERT INTO public.player (n4_id, str_name, str_full_name, str_avatar_link, str_nationality, dt_birthday, is_right_foot, n4_kit_number, n4_height, str_role, n4_salary, str_status) VALUES (12, 'wan Bissaka', 'Aaron Wan-Bissaka', 'https://assets.manutd.com/AssetPicker/images/0/0/15/66/1000158/Treated_Player_Profile_Thumbnail_Wans_Bissaka1626355531775.jpg', 'Endland', '1997-11-26', true, 29, 183, 'DEFENDER', 90, 'ACTIVE');
INSERT INTO public.player (n4_id, str_name, str_full_name, str_avatar_link, str_nationality, dt_birthday, is_right_foot, n4_kit_number, n4_height, str_role, n4_salary, str_status) VALUES (13, 'Diogo Dalot', 'Jose Diogo Dalot Teixeira', 'https://assets.manutd.com/AssetPicker/images/0/0/15/66/1000150/Treated_Player_Profile_Thumbnail_Dalot1626356756247.jpg', 'Portugal', '1999-03-18', true, 20, 183, 'DEFENDER', 54, 'ACTIVE');
INSERT INTO public.player (n4_id, str_name, str_full_name, str_avatar_link, str_nationality, dt_birthday, is_right_foot, n4_kit_number, n4_height, str_role, n4_salary, str_status) VALUES (14, 'Teden Mengi', 'Teden Mambuene Mengi', 'https://assets.manutd.com/AssetPicker/images/0/0/15/55/997254/mengi_player_grid__2_1626423846616.jpg', 'England', '2002-04-30', true, 43, 186, 'DEFENDER', 1, 'ACTIVE');
INSERT INTO public.player (n4_id, str_name, str_full_name, str_avatar_link, str_nationality, dt_birthday, is_right_foot, n4_kit_number, n4_height, str_role, n4_salary, str_status) VALUES (15, 'Matic', 'Nemanja Matic', 'https://assets.manutd.com/AssetPicker/images/0/0/15/66/1000139/Treated_Player_Profile_Thumbnail_Matic1626423129191.jpg', 'Serbia', '1988-08-01', false, 31, 194, 'MIDFIELDER', 120, 'ACTIVE');
INSERT INTO public.player (n4_id, str_name, str_full_name, str_avatar_link, str_nationality, dt_birthday, is_right_foot, n4_kit_number, n4_height, str_role, n4_salary, str_status) VALUES (16, 'James Garner', 'James David Garner', 'https://assets.manutd.com/AssetPicker/images/0/0/15/66/1000147/Treated_Player_Profile_Thumbnail_Garner1626421974124.jpg', 'England', '2001-03-13', true, 37, 182, 'MIDFIELDER', 19, 'LOAN');
INSERT INTO public.player (n4_id, str_name, str_full_name, str_avatar_link, str_nationality, dt_birthday, is_right_foot, n4_kit_number, n4_height, str_role, n4_salary, str_status) VALUES (17, 'Pogba', 'Paul Labile Pogba', 'https://assets.manutd.com/AssetPicker/images/0/0/15/66/1000137/Treated_Player_Profile_Thumbnail_Pogba1626423217888.jpg', 'France', '1993-03-15', true, 6, 191, 'MIDFIELDER', 290, 'ACTIVE');
INSERT INTO public.player (n4_id, str_name, str_full_name, str_avatar_link, str_nationality, dt_birthday, is_right_foot, n4_kit_number, n4_height, str_role, n4_salary, str_status) VALUES (18, 'Van De Beek', 'Donny van de Beek', 'https://assets.manutd.com/AssetPicker/images/0/0/15/66/1000159/Treated_Player_Profile_Thumbnail_van_de_Beek1626356866391.jpg', 'Netherlands', '1997-04-18', true, 34, 184, 'MIDFIELDER', 120, 'ACTIVE');
INSERT INTO public.player (n4_id, str_name, str_full_name, str_avatar_link, str_nationality, dt_birthday, is_right_foot, n4_kit_number, n4_height, str_role, n4_salary, str_status) VALUES (19, 'McTominay', 'Scott Francis McTominay', 'https://assets.manutd.com/AssetPicker/images/0/0/15/66/1000138/Treated_Player_Profile_Thumbnail_McTominay1626423399235.jpg', 'Scotland', '1996-12-08', true, 39, 191, 'MIDFIELDER', 20, 'ACTIVE');
INSERT INTO public.player (n4_id, str_name, str_full_name, str_avatar_link, str_nationality, dt_birthday, is_right_foot, n4_kit_number, n4_height, str_role, n4_salary, str_status) VALUES (20, 'Fred', 'Frederico Rodrigues de Paula Santos', 'https://assets.manutd.com/AssetPicker/images/0/0/15/66/1000148/Treated_Player_Profile_Thumbnail_Fred1626421779442.jpg', 'Brazil', '1993-03-05', false, 17, 169, 'MIDFIELDER', 120, 'ACTIVE');
INSERT INTO public.player (n4_id, str_name, str_full_name, str_avatar_link, str_nationality, dt_birthday, is_right_foot, n4_kit_number, n4_height, str_role, n4_salary, str_status) VALUES (21, 'Bruno Fernandes', 'Bruno Miguel Borges Fernandes', 'https://assets.manutd.com/AssetPicker/images/0/0/15/66/1000149/Treated_Player_Profile_Thumbnail_Fernandes1626356273672.jpg', 'Portugal', '1994-09-08', true, 18, 179, 'MIDFIELDER', 180, 'ACTIVE');
INSERT INTO public.player (n4_id, str_name, str_full_name, str_avatar_link, str_nationality, dt_birthday, is_right_foot, n4_kit_number, n4_height, str_role, n4_salary, str_status) VALUES (22, 'Pellistri', 'Facundo Pellistri', 'https://assets.manutd.com/AssetPicker/images/0/0/15/55/997199/Facundo_Pellistri_Landingpage1626421662586.jpg', 'Uruguay', '2001-12-20', true, 28, 175, 'MIDFIELDER', 15, 'ACTIVE');
INSERT INTO public.player (n4_id, str_name, str_full_name, str_avatar_link, str_nationality, dt_birthday, is_right_foot, n4_kit_number, n4_height, str_role, n4_salary, str_status) VALUES (23, 'Mata', 'Juan Manuel Mata Garcia', 'https://assets.manutd.com/AssetPicker/images/0/0/15/66/1000140/Treated_Player_Profile_Thumbnail_Mata_11626422203863.jpg', 'Spain', '1988-04-28', false, 8, 170, 'MIDFIELDER', 160, 'ACTIVE');
INSERT INTO public.player (n4_id, str_name, str_full_name, str_avatar_link, str_nationality, dt_birthday, is_right_foot, n4_kit_number, n4_height, str_role, n4_salary, str_status) VALUES (24, 'Andreas Pereira', 'Andreas Hugo Hoelgebaum Pereira', 'https://assets.manutd.com/AssetPicker/images/0/0/15/66/1000154/Treated_Player_Profile_Thumbnail_A_Periera1626355847241.jpg', 'Brazil', '1996-01-01', true, 15, 177, 'MIDFIELDER', 30, 'LOAN');
INSERT INTO public.player (n4_id, str_name, str_full_name, str_avatar_link, str_nationality, dt_birthday, is_right_foot, n4_kit_number, n4_height, str_role, n4_salary, str_status) VALUES (25, 'Hannibal', 'Hannibal Mejbri', 'https://resources.premierleague.com/premierleague/photos/players/250x250/p465527.png', 'Tunisia', '2003-01-21', true, 46, 182, 'MIDFIELDER', 0, 'ACTIVE');
INSERT INTO public.player (n4_id, str_name, str_full_name, str_avatar_link, str_nationality, dt_birthday, is_right_foot, n4_kit_number, n4_height, str_role, n4_salary, str_status) VALUES (26, 'Lingard', 'Jesse Ellis Lingard', 'https://assets.manutd.com/AssetPicker/images/0/0/15/66/1000143/Treated_Player_Profile_Thumbnail_Lingard1626422106800.jpg', 'Spain', '1992-12-15', true, 14, 175, 'MIDFIELDER', 58, 'ACTIVE');
INSERT INTO public.player (n4_id, str_name, str_full_name, str_avatar_link, str_nationality, dt_birthday, is_right_foot, n4_kit_number, n4_height, str_role, n4_salary, str_status) VALUES (27, 'Daniel James', 'Daniel Owen James', 'https://saybongda.com/wp-content/uploads/2021/05/Daniel-James-avt-1024x773.jpg', 'Wales', '1997-11-10', true, 21, 170, 'FORWARD', 45, 'LEFT');
INSERT INTO public.player (n4_id, str_name, str_full_name, str_avatar_link, str_nationality, dt_birthday, is_right_foot, n4_kit_number, n4_height, str_role, n4_salary, str_status) VALUES (28, 'Rashford', 'Marcus Rashford MBE', 'https://assets.manutd.com/AssetPicker/images/0/0/15/66/1000136/Treated_Player_Profile_Thumbnail_Rashford1626422926368.jpg', 'Endland', '1997-10-31', true, 10, 185, 'FORWARD', 200, 'ACTIVE');
INSERT INTO public.player (n4_id, str_name, str_full_name, str_avatar_link, str_nationality, dt_birthday, is_right_foot, n4_kit_number, n4_height, str_role, n4_salary, str_status) VALUES (29, 'Greenwood', 'Mason Will John Greenwood', 'https://resources.premierleague.com/premierleague/photos/players/250x250/p220688.png', 'Endland', '2001-10-01', false, 11, 181, 'FORWARD', 35, 'ACTIVE');
INSERT INTO public.player (n4_id, str_name, str_full_name, str_avatar_link, str_nationality, dt_birthday, is_right_foot, n4_kit_number, n4_height, str_role, n4_salary, str_status) VALUES (30, 'Amad Diallo', 'Amad Diallo', 'https://assets.manutd.com/AssetPicker/images/0/0/15/55/997198/Amad_Diallo_Landingpage1626421446601.jpg', 'Ivory Coast', '2002-07-11', false, 16, 173, 'FORWARD', 48, 'ACTIVE');
INSERT INTO public.player (n4_id, str_name, str_full_name, str_avatar_link, str_nationality, dt_birthday, is_right_foot, n4_kit_number, n4_height, str_role, n4_salary, str_status) VALUES (31, 'Sancho', 'Jadon Malik Sancho', 'https://assets.manutd.com/AssetPicker/images/0/0/15/78/1003014/Player-Profile-Thumbnail-Sancho1627370980650.jpg', 'England', '2000-03-25', true, 25, 180, 'FORWARD', 350, 'ACTIVE');
INSERT INTO public.player (n4_id, str_name, str_full_name, str_avatar_link, str_nationality, dt_birthday, is_right_foot, n4_kit_number, n4_height, str_role, n4_salary, str_status) VALUES (32, 'Martial', 'Anthony Jordan Martial', 'https://assets.manutd.com/AssetPicker/images/0/0/15/66/1000141/Treated_Player_Profile_Thumbnail_Martial_11626355968632.jpg', 'France', '1995-12-05', true, 9, 181, 'FORWARD', 250, 'ACTIVE');
INSERT INTO public.player (n4_id, str_name, str_full_name, str_avatar_link, str_nationality, dt_birthday, is_right_foot, n4_kit_number, n4_height, str_role, n4_salary, str_status) VALUES (33, 'Cavani', 'Edinson Roberto Cavani Gomez', 'https://assets.manutd.com/AssetPicker/images/0/0/15/55/997213/Edinson_Cavani_Landingpage1626421572829.jpg', 'Uruguay', '1987-02-14', true, 21, 184, 'FORWARD', 210, 'ACTIVE');
INSERT INTO public.player (n4_id, str_name, str_full_name, str_avatar_link, str_nationality, dt_birthday, is_right_foot, n4_kit_number, n4_height, str_role, n4_salary, str_status) VALUES (34, 'Ronaldo', 'Cristian Ronaldo dos Santos Aveiro', 'https://resources.premierleague.com/premierleague/photos/players/250x250/p14937.png', 'Portugal', '1990-05-02', true, 7, 185, 'FORWARD', 385, 'ACTIVE');
INSERT INTO public.player (n4_id, str_name, str_full_name, str_avatar_link, str_nationality, dt_birthday, is_right_foot, n4_kit_number, n4_height, str_role, n4_salary, str_status) VALUES (35, 'Elanga', 'Anthony David Junior Elanga', 'https://resources.premierleague.com/premierleague/photos/players/250x250/p449434.png', 'Sweden', '2002-04-27', true, 36, 178, 'FORWARD', 0, 'ACTIVE');
INSERT INTO public.player (n4_id, str_name, str_full_name, str_avatar_link, str_nationality, dt_birthday, is_right_foot, n4_kit_number, n4_height, str_role, n4_salary, str_status) VALUES (36, 'Shoretire', 'Shola Maxwell Shoretire', 'https://resources.premierleague.com/premierleague/photos/players/250x250/p472464.png', 'England', '2004-02-02', true, 47, 171, 'FORWARD', 0, 'ACTIVE');
INSERT INTO public.player (n4_id, str_name, str_full_name, str_avatar_link, str_nationality, dt_birthday, is_right_foot, n4_kit_number, n4_height, str_role, n4_salary, str_status) VALUES (37, 'Tahith Chong', 'Tahith Chong', 'https://assets.manutd.com/AssetPicker/images/0/0/15/66/1000151/Treated_Player_Profile_Thumbnail_Chong1626423490987.jpg', 'Netherlands', '1999-12-04', false, 44, 185, 'FORWARD', 0, 'LOAN');




INSERT INTO public.team (n4_id, str_name, str_acronym_name, str_logo_link, str_location) VALUES (1, 'Arsenal', 'ARS', 'https://resources.premierleague.com/premierleague/badges/t3.png', 'England');
INSERT INTO public.team (n4_id, str_name, str_acronym_name, str_logo_link, str_location) VALUES (2, 'Aston Villa', 'AVL', 'https://resources.premierleague.com/premierleague/badges/t7.png', 'England');
INSERT INTO public.team (n4_id, str_name, str_acronym_name, str_logo_link, str_location) VALUES (3, 'Brenford', 'BRE', 'https://resources.premierleague.com/premierleague/badges/t94.png', 'England');
INSERT INTO public.team (n4_id, str_name, str_acronym_name, str_logo_link, str_location) VALUES (4, 'AFC Bournemouth', 'BOU', 'https://resources.premierleague.com/premierleague/badges/t91.png', 'England');
INSERT INTO public.team (n4_id, str_name, str_acronym_name, str_logo_link, str_location) VALUES (5, 'Brighton and Hove Albion', 'BHA', 'https://resources.premierleague.com/premierleague/badges/t36.png', 'England');
INSERT INTO public.team (n4_id, str_name, str_acronym_name, str_logo_link, str_location) VALUES (6, 'Burnley', 'BUR', 'https://resources.premierleague.com/premierleague/badges/t90.png', 'England');
INSERT INTO public.team (n4_id, str_name, str_acronym_name, str_logo_link, str_location) VALUES (7, 'Chelsea', 'CHE', 'https://resources.premierleague.com/premierleague/badges/t8.png', 'England');
INSERT INTO public.team (n4_id, str_name, str_acronym_name, str_logo_link, str_location) VALUES (8, 'Crystal Palace', 'CRY', 'https://resources.premierleague.com/premierleague/badges/t31.png', 'England');
INSERT INTO public.team (n4_id, str_name, str_acronym_name, str_logo_link, str_location) VALUES (9, 'Everton', 'EVE', 'https://resources.premierleague.com/premierleague/badges/t11.png', 'England');
INSERT INTO public.team (n4_id, str_name, str_acronym_name, str_logo_link, str_location) VALUES (11, 'Leeds United', 'LEE', 'https://resources.premierleague.com/premierleague/badges/t2.png', 'England');
INSERT INTO public.team (n4_id, str_name, str_acronym_name, str_logo_link, str_location) VALUES (12, 'Leicester City', 'LEI', 'https://resources.premierleague.com/premierleague/badges/t13.png', 'England');
INSERT INTO public.team (n4_id, str_name, str_acronym_name, str_logo_link, str_location) VALUES (13, 'Liverpool', 'LIV', 'https://resources.premierleague.com/premierleague/badges/t14.png', 'England');
INSERT INTO public.team (n4_id, str_name, str_acronym_name, str_logo_link, str_location) VALUES (14, 'Luton Town', 'LUT', 'https://resources.premierleague.com/premierleague/badges/t102.png', 'England');
INSERT INTO public.team (n4_id, str_name, str_acronym_name, str_logo_link, str_location) VALUES (15, 'Manchester City', 'MCI', 'https://resources.premierleague.com/premierleague/badges/t43.png', 'England');
INSERT INTO public.team (n4_id, str_name, str_acronym_name, str_logo_link, str_location) VALUES (16, 'Manchester United', 'MUN', 'https://resources.premierleague.com/premierleague/badges/t1.png', 'England');
INSERT INTO public.team (n4_id, str_name, str_acronym_name, str_logo_link, str_location) VALUES (17, 'Newcastle United', 'NEW', 'https://resources.premierleague.com/premierleague/badges/t4.png', 'England');
INSERT INTO public.team (n4_id, str_name, str_acronym_name, str_logo_link, str_location) VALUES (18, 'Norwich City', 'NOR', 'https://resources.premierleague.com/premierleague/badges/t45.png', 'England');
INSERT INTO public.team (n4_id, str_name, str_acronym_name, str_logo_link, str_location) VALUES (19, 'Nottingham Forest', 'WOL', 'https://resources.premierleague.com/premierleague/badges/t17.png', 'England');
INSERT INTO public.team (n4_id, str_name, str_acronym_name, str_logo_link, str_location) VALUES (20, 'Southamton', 'SOU', 'https://resources.premierleague.com/premierleague/badges/t20.png', 'England');
INSERT INTO public.team (n4_id, str_name, str_acronym_name, str_logo_link, str_location) VALUES (21, 'Tottenham Hotspur', 'TOT', 'https://resources.premierleague.com/premierleague/badges/t6.png', 'England');
INSERT INTO public.team (n4_id, str_name, str_acronym_name, str_logo_link, str_location) VALUES (22, 'Watford', 'WAT', 'https://resources.premierleague.com/premierleague/badges/t57.png', 'England');
INSERT INTO public.team (n4_id, str_name, str_acronym_name, str_logo_link, str_location) VALUES (23, 'West Ham United', 'WHU', 'https://resources.premierleague.com/premierleague/badges/t21.png', 'England');
INSERT INTO public.team (n4_id, str_name, str_acronym_name, str_logo_link, str_location) VALUES (24, 'Wolverhamton Wanderers', 'WOL', 'https://resources.premierleague.com/premierleague/badges/t39.png', 'England');
INSERT INTO public.team (n4_id, str_name, str_acronym_name, str_logo_link, str_location) VALUES (25, 'Sheffield United', 'SHU', 'https://resources.premierleague.com/premierleague/badges/t49.png', 'England');
INSERT INTO public.team (n4_id, str_name, str_acronym_name, str_logo_link, str_location) VALUES (10, 'Fulham', 'FUL', 'https://resources.premierleague.com/premierleague/badges/t54.png', 'England');
INSERT INTO public.team (n4_id, str_name, str_acronym_name, str_logo_link, str_location) VALUES (32, 'Bolton Wanderers', 'BOL', 'https://resources.premierleague.com/premierleague/badges/t30.png', 'England');
INSERT INTO public.team (n4_id, str_name, str_acronym_name, str_logo_link, str_location) VALUES (40, 'West Bromwich Albion', 'WBA', 'https://resources.premierleague.com/premierleague/badges/t35.png', 'England');
INSERT INTO public.team (n4_id, str_name, str_acronym_name, str_logo_link, str_location) VALUES (41, 'Huddersfield Town', 'HUD', 'https://resources.premierleague.com/premierleague/badges/t38.png', 'England');
INSERT INTO public.team (n4_id, str_name, str_acronym_name, str_logo_link, str_location) VALUES (42, 'Charlton Athletic', 'CHA', 'https://resources.premierleague.com/premierleague/badges/t33.png', 'England');
INSERT INTO public.team (n4_id, str_name, str_acronym_name, str_logo_link, str_location) VALUES (43, 'Birmingham City', 'BIR', 'https://resources.premierleague.com/premierleague/badges/t41.png', 'England');
INSERT INTO public.team (n4_id, str_name, str_acronym_name, str_logo_link, str_location) VALUES (44, 'Portsmouth FC', 'POR', 'https://resources.premierleague.com/premierleague/badges/t47.png', 'England');
INSERT INTO public.team (n4_id, str_name, str_acronym_name, str_logo_link, str_location) VALUES (55, 'Queens Park Rangers', 'QPR', 'https://resources.premierleague.com/premierleague/badges/t52.png', 'England');


INSERT INTO public.league (n4_id, str_name, str_host, str_type) VALUES (1, 'Premiere League', 'FA', 'LEAGUE');
INSERT INTO public.league (n4_id, str_name, str_host, str_type) VALUES (2, 'FA Cup', 'FA', 'CUP');
INSERT INTO public.league (n4_id, str_name, str_host, str_type) VALUES (3, 'Carabao Cup', 'FA', 'CUP');
INSERT INTO public.league (n4_id, str_name, str_host, str_type) VALUES (4, 'Champion League', 'UEFA', 'CUP');
INSERT INTO public.league (n4_id, str_name, str_host, str_type) VALUES (5, 'Europa League', 'UEFA', 'CUP');
INSERT INTO public.league (n4_id, str_name, str_host, str_type) VALUES (6, 'Conference League', 'UEFA', 'CUP');
INSERT INTO public.league (n4_id, str_name, str_host, str_type) VALUES (7, 'World Club World Cup', 'Fifa', 'CUP');


INSERT INTO public.team_attendance (n4_id, n4_team_id, n4_league_id, n4_season, n4_play, n4_win, n4_draw, n4_lost, n4_score, n4_conceded, n4_banned) VALUES (226, 1, 1, 2024, 0, 0, 0, 0, 0, 0, 0);
INSERT INTO public.team_attendance (n4_id, n4_team_id, n4_league_id, n4_season, n4_play, n4_win, n4_draw, n4_lost, n4_score, n4_conceded, n4_banned) VALUES (227, 1, 2, 2024, 0, 0, 0, 0, 0, 0, 0);
INSERT INTO public.team_attendance (n4_id, n4_team_id, n4_league_id, n4_season, n4_play, n4_win, n4_draw, n4_lost, n4_score, n4_conceded, n4_banned) VALUES (228, 1, 3, 2024, 0, 0, 0, 0, 0, 0, 0);
INSERT INTO public.team_attendance (n4_id, n4_team_id, n4_league_id, n4_season, n4_play, n4_win, n4_draw, n4_lost, n4_score, n4_conceded, n4_banned) VALUES (229, 1, 1, 2023, 0, 0, 0, 0, 0, 0, 0);
INSERT INTO public.team_attendance (n4_id, n4_team_id, n4_league_id, n4_season, n4_play, n4_win, n4_draw, n4_lost, n4_score, n4_conceded, n4_banned) VALUES (230, 1, 2, 2023, 0, 0, 0, 0, 0, 0, 0);
INSERT INTO public.team_attendance (n4_id, n4_team_id, n4_league_id, n4_season, n4_play, n4_win, n4_draw, n4_lost, n4_score, n4_conceded, n4_banned) VALUES (231, 1, 3, 2023, 0, 0, 0, 0, 0, 0, 0);
INSERT INTO public.team_attendance (n4_id, n4_team_id, n4_league_id, n4_season, n4_play, n4_win, n4_draw, n4_lost, n4_score, n4_conceded, n4_banned) VALUES (232, 1, 1, 2022, 0, 0, 0, 0, 0, 0, 0);
INSERT INTO public.team_attendance (n4_id, n4_team_id, n4_league_id, n4_season, n4_play, n4_win, n4_draw, n4_lost, n4_score, n4_conceded, n4_banned) VALUES (233, 1, 2, 2022, 0, 0, 0, 0, 0, 0, 0);
INSERT INTO public.team_attendance (n4_id, n4_team_id, n4_league_id, n4_season, n4_play, n4_win, n4_draw, n4_lost, n4_score, n4_conceded, n4_banned) VALUES (234, 1, 3, 2022, 0, 0, 0, 0, 0, 0, 0);
INSERT INTO public.team_attendance (n4_id, n4_team_id, n4_league_id, n4_season, n4_play, n4_win, n4_draw, n4_lost, n4_score, n4_conceded, n4_banned) VALUES (235, 2, 1, 2024, 0, 0, 0, 0, 0, 0, 0);
INSERT INTO public.team_attendance (n4_id, n4_team_id, n4_league_id, n4_season, n4_play, n4_win, n4_draw, n4_lost, n4_score, n4_conceded, n4_banned) VALUES (236, 2, 2, 2024, 0, 0, 0, 0, 0, 0, 0);
INSERT INTO public.team_attendance (n4_id, n4_team_id, n4_league_id, n4_season, n4_play, n4_win, n4_draw, n4_lost, n4_score, n4_conceded, n4_banned) VALUES (237, 2, 3, 2024, 0, 0, 0, 0, 0, 0, 0);
INSERT INTO public.team_attendance (n4_id, n4_team_id, n4_league_id, n4_season, n4_play, n4_win, n4_draw, n4_lost, n4_score, n4_conceded, n4_banned) VALUES (238, 2, 1, 2023, 0, 0, 0, 0, 0, 0, 0);
INSERT INTO public.team_attendance (n4_id, n4_team_id, n4_league_id, n4_season, n4_play, n4_win, n4_draw, n4_lost, n4_score, n4_conceded, n4_banned) VALUES (239, 2, 2, 2023, 0, 0, 0, 0, 0, 0, 0);
INSERT INTO public.team_attendance (n4_id, n4_team_id, n4_league_id, n4_season, n4_play, n4_win, n4_draw, n4_lost, n4_score, n4_conceded, n4_banned) VALUES (240, 2, 3, 2023, 0, 0, 0, 0, 0, 0, 0);
INSERT INTO public.team_attendance (n4_id, n4_team_id, n4_league_id, n4_season, n4_play, n4_win, n4_draw, n4_lost, n4_score, n4_conceded, n4_banned) VALUES (241, 2, 1, 2022, 0, 0, 0, 0, 0, 0, 0);
INSERT INTO public.team_attendance (n4_id, n4_team_id, n4_league_id, n4_season, n4_play, n4_win, n4_draw, n4_lost, n4_score, n4_conceded, n4_banned) VALUES (242, 2, 2, 2022, 0, 0, 0, 0, 0, 0, 0);
INSERT INTO public.team_attendance (n4_id, n4_team_id, n4_league_id, n4_season, n4_play, n4_win, n4_draw, n4_lost, n4_score, n4_conceded, n4_banned) VALUES (243, 2, 3, 2022, 0, 0, 0, 0, 0, 0, 0);
INSERT INTO public.team_attendance (n4_id, n4_team_id, n4_league_id, n4_season, n4_play, n4_win, n4_draw, n4_lost, n4_score, n4_conceded, n4_banned) VALUES (244, 3, 1, 2024, 0, 0, 0, 0, 0, 0, 0);
INSERT INTO public.team_attendance (n4_id, n4_team_id, n4_league_id, n4_season, n4_play, n4_win, n4_draw, n4_lost, n4_score, n4_conceded, n4_banned) VALUES (245, 3, 2, 2024, 0, 0, 0, 0, 0, 0, 0);
INSERT INTO public.team_attendance (n4_id, n4_team_id, n4_league_id, n4_season, n4_play, n4_win, n4_draw, n4_lost, n4_score, n4_conceded, n4_banned) VALUES (246, 3, 3, 2024, 0, 0, 0, 0, 0, 0, 0);
INSERT INTO public.team_attendance (n4_id, n4_team_id, n4_league_id, n4_season, n4_play, n4_win, n4_draw, n4_lost, n4_score, n4_conceded, n4_banned) VALUES (247, 3, 1, 2023, 0, 0, 0, 0, 0, 0, 0);
INSERT INTO public.team_attendance (n4_id, n4_team_id, n4_league_id, n4_season, n4_play, n4_win, n4_draw, n4_lost, n4_score, n4_conceded, n4_banned) VALUES (248, 3, 2, 2023, 0, 0, 0, 0, 0, 0, 0);
INSERT INTO public.team_attendance (n4_id, n4_team_id, n4_league_id, n4_season, n4_play, n4_win, n4_draw, n4_lost, n4_score, n4_conceded, n4_banned) VALUES (249, 3, 3, 2023, 0, 0, 0, 0, 0, 0, 0);
INSERT INTO public.team_attendance (n4_id, n4_team_id, n4_league_id, n4_season, n4_play, n4_win, n4_draw, n4_lost, n4_score, n4_conceded, n4_banned) VALUES (250, 3, 1, 2022, 0, 0, 0, 0, 0, 0, 0);
INSERT INTO public.team_attendance (n4_id, n4_team_id, n4_league_id, n4_season, n4_play, n4_win, n4_draw, n4_lost, n4_score, n4_conceded, n4_banned) VALUES (251, 3, 2, 2022, 0, 0, 0, 0, 0, 0, 0);
INSERT INTO public.team_attendance (n4_id, n4_team_id, n4_league_id, n4_season, n4_play, n4_win, n4_draw, n4_lost, n4_score, n4_conceded, n4_banned) VALUES (252, 3, 3, 2022, 0, 0, 0, 0, 0, 0, 0);
INSERT INTO public.team_attendance (n4_id, n4_team_id, n4_league_id, n4_season, n4_play, n4_win, n4_draw, n4_lost, n4_score, n4_conceded, n4_banned) VALUES (253, 4, 1, 2024, 0, 0, 0, 0, 0, 0, 0);
INSERT INTO public.team_attendance (n4_id, n4_team_id, n4_league_id, n4_season, n4_play, n4_win, n4_draw, n4_lost, n4_score, n4_conceded, n4_banned) VALUES (254, 4, 2, 2024, 0, 0, 0, 0, 0, 0, 0);
INSERT INTO public.team_attendance (n4_id, n4_team_id, n4_league_id, n4_season, n4_play, n4_win, n4_draw, n4_lost, n4_score, n4_conceded, n4_banned) VALUES (255, 4, 3, 2024, 0, 0, 0, 0, 0, 0, 0);
INSERT INTO public.team_attendance (n4_id, n4_team_id, n4_league_id, n4_season, n4_play, n4_win, n4_draw, n4_lost, n4_score, n4_conceded, n4_banned) VALUES (256, 4, 1, 2023, 0, 0, 0, 0, 0, 0, 0);
INSERT INTO public.team_attendance (n4_id, n4_team_id, n4_league_id, n4_season, n4_play, n4_win, n4_draw, n4_lost, n4_score, n4_conceded, n4_banned) VALUES (257, 4, 2, 2023, 0, 0, 0, 0, 0, 0, 0);
INSERT INTO public.team_attendance (n4_id, n4_team_id, n4_league_id, n4_season, n4_play, n4_win, n4_draw, n4_lost, n4_score, n4_conceded, n4_banned) VALUES (258, 4, 3, 2023, 0, 0, 0, 0, 0, 0, 0);
INSERT INTO public.team_attendance (n4_id, n4_team_id, n4_league_id, n4_season, n4_play, n4_win, n4_draw, n4_lost, n4_score, n4_conceded, n4_banned) VALUES (259, 4, 2, 2022, 0, 0, 0, 0, 0, 0, 0);
INSERT INTO public.team_attendance (n4_id, n4_team_id, n4_league_id, n4_season, n4_play, n4_win, n4_draw, n4_lost, n4_score, n4_conceded, n4_banned) VALUES (260, 4, 3, 2022, 0, 0, 0, 0, 0, 0, 0);
INSERT INTO public.team_attendance (n4_id, n4_team_id, n4_league_id, n4_season, n4_play, n4_win, n4_draw, n4_lost, n4_score, n4_conceded, n4_banned) VALUES (261, 5, 1, 2024, 0, 0, 0, 0, 0, 0, 0);
INSERT INTO public.team_attendance (n4_id, n4_team_id, n4_league_id, n4_season, n4_play, n4_win, n4_draw, n4_lost, n4_score, n4_conceded, n4_banned) VALUES (262, 5, 2, 2024, 0, 0, 0, 0, 0, 0, 0);
INSERT INTO public.team_attendance (n4_id, n4_team_id, n4_league_id, n4_season, n4_play, n4_win, n4_draw, n4_lost, n4_score, n4_conceded, n4_banned) VALUES (263, 5, 3, 2024, 0, 0, 0, 0, 0, 0, 0);
INSERT INTO public.team_attendance (n4_id, n4_team_id, n4_league_id, n4_season, n4_play, n4_win, n4_draw, n4_lost, n4_score, n4_conceded, n4_banned) VALUES (264, 5, 1, 2023, 0, 0, 0, 0, 0, 0, 0);
INSERT INTO public.team_attendance (n4_id, n4_team_id, n4_league_id, n4_season, n4_play, n4_win, n4_draw, n4_lost, n4_score, n4_conceded, n4_banned) VALUES (265, 5, 2, 2023, 0, 0, 0, 0, 0, 0, 0);
INSERT INTO public.team_attendance (n4_id, n4_team_id, n4_league_id, n4_season, n4_play, n4_win, n4_draw, n4_lost, n4_score, n4_conceded, n4_banned) VALUES (266, 5, 3, 2023, 0, 0, 0, 0, 0, 0, 0);
INSERT INTO public.team_attendance (n4_id, n4_team_id, n4_league_id, n4_season, n4_play, n4_win, n4_draw, n4_lost, n4_score, n4_conceded, n4_banned) VALUES (267, 5, 1, 2022, 0, 0, 0, 0, 0, 0, 0);
INSERT INTO public.team_attendance (n4_id, n4_team_id, n4_league_id, n4_season, n4_play, n4_win, n4_draw, n4_lost, n4_score, n4_conceded, n4_banned) VALUES (268, 5, 2, 2022, 0, 0, 0, 0, 0, 0, 0);
INSERT INTO public.team_attendance (n4_id, n4_team_id, n4_league_id, n4_season, n4_play, n4_win, n4_draw, n4_lost, n4_score, n4_conceded, n4_banned) VALUES (269, 5, 3, 2022, 0, 0, 0, 0, 0, 0, 0);
INSERT INTO public.team_attendance (n4_id, n4_team_id, n4_league_id, n4_season, n4_play, n4_win, n4_draw, n4_lost, n4_score, n4_conceded, n4_banned) VALUES (270, 6, 1, 2024, 0, 0, 0, 0, 0, 0, 0);
INSERT INTO public.team_attendance (n4_id, n4_team_id, n4_league_id, n4_season, n4_play, n4_win, n4_draw, n4_lost, n4_score, n4_conceded, n4_banned) VALUES (271, 6, 2, 2024, 0, 0, 0, 0, 0, 0, 0);
INSERT INTO public.team_attendance (n4_id, n4_team_id, n4_league_id, n4_season, n4_play, n4_win, n4_draw, n4_lost, n4_score, n4_conceded, n4_banned) VALUES (272, 6, 3, 2024, 0, 0, 0, 0, 0, 0, 0);
INSERT INTO public.team_attendance (n4_id, n4_team_id, n4_league_id, n4_season, n4_play, n4_win, n4_draw, n4_lost, n4_score, n4_conceded, n4_banned) VALUES (273, 6, 2, 2023, 0, 0, 0, 0, 0, 0, 0);
INSERT INTO public.team_attendance (n4_id, n4_team_id, n4_league_id, n4_season, n4_play, n4_win, n4_draw, n4_lost, n4_score, n4_conceded, n4_banned) VALUES (274, 6, 3, 2023, 0, 0, 0, 0, 0, 0, 0);
INSERT INTO public.team_attendance (n4_id, n4_team_id, n4_league_id, n4_season, n4_play, n4_win, n4_draw, n4_lost, n4_score, n4_conceded, n4_banned) VALUES (275, 6, 1, 2022, 0, 0, 0, 0, 0, 0, 0);
INSERT INTO public.team_attendance (n4_id, n4_team_id, n4_league_id, n4_season, n4_play, n4_win, n4_draw, n4_lost, n4_score, n4_conceded, n4_banned) VALUES (276, 6, 2, 2022, 0, 0, 0, 0, 0, 0, 0);
INSERT INTO public.team_attendance (n4_id, n4_team_id, n4_league_id, n4_season, n4_play, n4_win, n4_draw, n4_lost, n4_score, n4_conceded, n4_banned) VALUES (277, 6, 3, 2022, 0, 0, 0, 0, 0, 0, 0);
INSERT INTO public.team_attendance (n4_id, n4_team_id, n4_league_id, n4_season, n4_play, n4_win, n4_draw, n4_lost, n4_score, n4_conceded, n4_banned) VALUES (278, 7, 1, 2024, 0, 0, 0, 0, 0, 0, 0);
INSERT INTO public.team_attendance (n4_id, n4_team_id, n4_league_id, n4_season, n4_play, n4_win, n4_draw, n4_lost, n4_score, n4_conceded, n4_banned) VALUES (279, 7, 2, 2024, 0, 0, 0, 0, 0, 0, 0);
INSERT INTO public.team_attendance (n4_id, n4_team_id, n4_league_id, n4_season, n4_play, n4_win, n4_draw, n4_lost, n4_score, n4_conceded, n4_banned) VALUES (280, 7, 3, 2024, 0, 0, 0, 0, 0, 0, 0);
INSERT INTO public.team_attendance (n4_id, n4_team_id, n4_league_id, n4_season, n4_play, n4_win, n4_draw, n4_lost, n4_score, n4_conceded, n4_banned) VALUES (281, 7, 1, 2023, 0, 0, 0, 0, 0, 0, 0);
INSERT INTO public.team_attendance (n4_id, n4_team_id, n4_league_id, n4_season, n4_play, n4_win, n4_draw, n4_lost, n4_score, n4_conceded, n4_banned) VALUES (282, 7, 2, 2023, 0, 0, 0, 0, 0, 0, 0);
INSERT INTO public.team_attendance (n4_id, n4_team_id, n4_league_id, n4_season, n4_play, n4_win, n4_draw, n4_lost, n4_score, n4_conceded, n4_banned) VALUES (283, 7, 3, 2023, 0, 0, 0, 0, 0, 0, 0);
INSERT INTO public.team_attendance (n4_id, n4_team_id, n4_league_id, n4_season, n4_play, n4_win, n4_draw, n4_lost, n4_score, n4_conceded, n4_banned) VALUES (284, 7, 1, 2022, 0, 0, 0, 0, 0, 0, 0);
INSERT INTO public.team_attendance (n4_id, n4_team_id, n4_league_id, n4_season, n4_play, n4_win, n4_draw, n4_lost, n4_score, n4_conceded, n4_banned) VALUES (285, 7, 2, 2022, 0, 0, 0, 0, 0, 0, 0);
INSERT INTO public.team_attendance (n4_id, n4_team_id, n4_league_id, n4_season, n4_play, n4_win, n4_draw, n4_lost, n4_score, n4_conceded, n4_banned) VALUES (286, 7, 3, 2022, 0, 0, 0, 0, 0, 0, 0);
INSERT INTO public.team_attendance (n4_id, n4_team_id, n4_league_id, n4_season, n4_play, n4_win, n4_draw, n4_lost, n4_score, n4_conceded, n4_banned) VALUES (287, 8, 1, 2024, 0, 0, 0, 0, 0, 0, 0);
INSERT INTO public.team_attendance (n4_id, n4_team_id, n4_league_id, n4_season, n4_play, n4_win, n4_draw, n4_lost, n4_score, n4_conceded, n4_banned) VALUES (288, 8, 2, 2024, 0, 0, 0, 0, 0, 0, 0);
INSERT INTO public.team_attendance (n4_id, n4_team_id, n4_league_id, n4_season, n4_play, n4_win, n4_draw, n4_lost, n4_score, n4_conceded, n4_banned) VALUES (289, 8, 3, 2024, 0, 0, 0, 0, 0, 0, 0);
INSERT INTO public.team_attendance (n4_id, n4_team_id, n4_league_id, n4_season, n4_play, n4_win, n4_draw, n4_lost, n4_score, n4_conceded, n4_banned) VALUES (290, 8, 1, 2023, 0, 0, 0, 0, 0, 0, 0);
INSERT INTO public.team_attendance (n4_id, n4_team_id, n4_league_id, n4_season, n4_play, n4_win, n4_draw, n4_lost, n4_score, n4_conceded, n4_banned) VALUES (291, 8, 2, 2023, 0, 0, 0, 0, 0, 0, 0);
INSERT INTO public.team_attendance (n4_id, n4_team_id, n4_league_id, n4_season, n4_play, n4_win, n4_draw, n4_lost, n4_score, n4_conceded, n4_banned) VALUES (292, 8, 3, 2023, 0, 0, 0, 0, 0, 0, 0);
INSERT INTO public.team_attendance (n4_id, n4_team_id, n4_league_id, n4_season, n4_play, n4_win, n4_draw, n4_lost, n4_score, n4_conceded, n4_banned) VALUES (293, 8, 1, 2022, 0, 0, 0, 0, 0, 0, 0);
INSERT INTO public.team_attendance (n4_id, n4_team_id, n4_league_id, n4_season, n4_play, n4_win, n4_draw, n4_lost, n4_score, n4_conceded, n4_banned) VALUES (294, 8, 2, 2022, 0, 0, 0, 0, 0, 0, 0);
INSERT INTO public.team_attendance (n4_id, n4_team_id, n4_league_id, n4_season, n4_play, n4_win, n4_draw, n4_lost, n4_score, n4_conceded, n4_banned) VALUES (295, 8, 3, 2022, 0, 0, 0, 0, 0, 0, 0);
INSERT INTO public.team_attendance (n4_id, n4_team_id, n4_league_id, n4_season, n4_play, n4_win, n4_draw, n4_lost, n4_score, n4_conceded, n4_banned) VALUES (296, 9, 1, 2024, 0, 0, 0, 0, 0, 0, 0);
INSERT INTO public.team_attendance (n4_id, n4_team_id, n4_league_id, n4_season, n4_play, n4_win, n4_draw, n4_lost, n4_score, n4_conceded, n4_banned) VALUES (297, 9, 2, 2024, 0, 0, 0, 0, 0, 0, 0);
INSERT INTO public.team_attendance (n4_id, n4_team_id, n4_league_id, n4_season, n4_play, n4_win, n4_draw, n4_lost, n4_score, n4_conceded, n4_banned) VALUES (298, 9, 3, 2024, 0, 0, 0, 0, 0, 0, 0);
INSERT INTO public.team_attendance (n4_id, n4_team_id, n4_league_id, n4_season, n4_play, n4_win, n4_draw, n4_lost, n4_score, n4_conceded, n4_banned) VALUES (299, 9, 1, 2023, 0, 0, 0, 0, 0, 0, 0);
INSERT INTO public.team_attendance (n4_id, n4_team_id, n4_league_id, n4_season, n4_play, n4_win, n4_draw, n4_lost, n4_score, n4_conceded, n4_banned) VALUES (300, 9, 2, 2023, 0, 0, 0, 0, 0, 0, 0);
INSERT INTO public.team_attendance (n4_id, n4_team_id, n4_league_id, n4_season, n4_play, n4_win, n4_draw, n4_lost, n4_score, n4_conceded, n4_banned) VALUES (301, 9, 3, 2023, 0, 0, 0, 0, 0, 0, 0);
INSERT INTO public.team_attendance (n4_id, n4_team_id, n4_league_id, n4_season, n4_play, n4_win, n4_draw, n4_lost, n4_score, n4_conceded, n4_banned) VALUES (302, 9, 1, 2022, 0, 0, 0, 0, 0, 0, 0);
INSERT INTO public.team_attendance (n4_id, n4_team_id, n4_league_id, n4_season, n4_play, n4_win, n4_draw, n4_lost, n4_score, n4_conceded, n4_banned) VALUES (303, 9, 2, 2022, 0, 0, 0, 0, 0, 0, 0);
INSERT INTO public.team_attendance (n4_id, n4_team_id, n4_league_id, n4_season, n4_play, n4_win, n4_draw, n4_lost, n4_score, n4_conceded, n4_banned) VALUES (304, 9, 3, 2022, 0, 0, 0, 0, 0, 0, 0);
INSERT INTO public.team_attendance (n4_id, n4_team_id, n4_league_id, n4_season, n4_play, n4_win, n4_draw, n4_lost, n4_score, n4_conceded, n4_banned) VALUES (305, 10, 1, 2024, 0, 0, 0, 0, 0, 0, 0);
INSERT INTO public.team_attendance (n4_id, n4_team_id, n4_league_id, n4_season, n4_play, n4_win, n4_draw, n4_lost, n4_score, n4_conceded, n4_banned) VALUES (306, 10, 2, 2024, 0, 0, 0, 0, 0, 0, 0);
INSERT INTO public.team_attendance (n4_id, n4_team_id, n4_league_id, n4_season, n4_play, n4_win, n4_draw, n4_lost, n4_score, n4_conceded, n4_banned) VALUES (307, 10, 3, 2024, 0, 0, 0, 0, 0, 0, 0);
INSERT INTO public.team_attendance (n4_id, n4_team_id, n4_league_id, n4_season, n4_play, n4_win, n4_draw, n4_lost, n4_score, n4_conceded, n4_banned) VALUES (308, 10, 1, 2023, 0, 0, 0, 0, 0, 0, 0);
INSERT INTO public.team_attendance (n4_id, n4_team_id, n4_league_id, n4_season, n4_play, n4_win, n4_draw, n4_lost, n4_score, n4_conceded, n4_banned) VALUES (309, 10, 2, 2023, 0, 0, 0, 0, 0, 0, 0);
INSERT INTO public.team_attendance (n4_id, n4_team_id, n4_league_id, n4_season, n4_play, n4_win, n4_draw, n4_lost, n4_score, n4_conceded, n4_banned) VALUES (310, 10, 3, 2023, 0, 0, 0, 0, 0, 0, 0);
INSERT INTO public.team_attendance (n4_id, n4_team_id, n4_league_id, n4_season, n4_play, n4_win, n4_draw, n4_lost, n4_score, n4_conceded, n4_banned) VALUES (311, 10, 2, 2022, 0, 0, 0, 0, 0, 0, 0);
INSERT INTO public.team_attendance (n4_id, n4_team_id, n4_league_id, n4_season, n4_play, n4_win, n4_draw, n4_lost, n4_score, n4_conceded, n4_banned) VALUES (312, 10, 3, 2022, 0, 0, 0, 0, 0, 0, 0);
INSERT INTO public.team_attendance (n4_id, n4_team_id, n4_league_id, n4_season, n4_play, n4_win, n4_draw, n4_lost, n4_score, n4_conceded, n4_banned) VALUES (313, 11, 2, 2024, 0, 0, 0, 0, 0, 0, 0);
INSERT INTO public.team_attendance (n4_id, n4_team_id, n4_league_id, n4_season, n4_play, n4_win, n4_draw, n4_lost, n4_score, n4_conceded, n4_banned) VALUES (314, 11, 3, 2024, 0, 0, 0, 0, 0, 0, 0);
INSERT INTO public.team_attendance (n4_id, n4_team_id, n4_league_id, n4_season, n4_play, n4_win, n4_draw, n4_lost, n4_score, n4_conceded, n4_banned) VALUES (315, 11, 1, 2023, 0, 0, 0, 0, 0, 0, 0);
INSERT INTO public.team_attendance (n4_id, n4_team_id, n4_league_id, n4_season, n4_play, n4_win, n4_draw, n4_lost, n4_score, n4_conceded, n4_banned) VALUES (316, 11, 2, 2023, 0, 0, 0, 0, 0, 0, 0);
INSERT INTO public.team_attendance (n4_id, n4_team_id, n4_league_id, n4_season, n4_play, n4_win, n4_draw, n4_lost, n4_score, n4_conceded, n4_banned) VALUES (317, 11, 3, 2023, 0, 0, 0, 0, 0, 0, 0);
INSERT INTO public.team_attendance (n4_id, n4_team_id, n4_league_id, n4_season, n4_play, n4_win, n4_draw, n4_lost, n4_score, n4_conceded, n4_banned) VALUES (318, 11, 1, 2022, 0, 0, 0, 0, 0, 0, 0);
INSERT INTO public.team_attendance (n4_id, n4_team_id, n4_league_id, n4_season, n4_play, n4_win, n4_draw, n4_lost, n4_score, n4_conceded, n4_banned) VALUES (319, 11, 2, 2022, 0, 0, 0, 0, 0, 0, 0);
INSERT INTO public.team_attendance (n4_id, n4_team_id, n4_league_id, n4_season, n4_play, n4_win, n4_draw, n4_lost, n4_score, n4_conceded, n4_banned) VALUES (320, 11, 3, 2022, 0, 0, 0, 0, 0, 0, 0);
INSERT INTO public.team_attendance (n4_id, n4_team_id, n4_league_id, n4_season, n4_play, n4_win, n4_draw, n4_lost, n4_score, n4_conceded, n4_banned) VALUES (321, 12, 2, 2024, 0, 0, 0, 0, 0, 0, 0);
INSERT INTO public.team_attendance (n4_id, n4_team_id, n4_league_id, n4_season, n4_play, n4_win, n4_draw, n4_lost, n4_score, n4_conceded, n4_banned) VALUES (322, 12, 3, 2024, 0, 0, 0, 0, 0, 0, 0);
INSERT INTO public.team_attendance (n4_id, n4_team_id, n4_league_id, n4_season, n4_play, n4_win, n4_draw, n4_lost, n4_score, n4_conceded, n4_banned) VALUES (323, 12, 1, 2023, 0, 0, 0, 0, 0, 0, 0);
INSERT INTO public.team_attendance (n4_id, n4_team_id, n4_league_id, n4_season, n4_play, n4_win, n4_draw, n4_lost, n4_score, n4_conceded, n4_banned) VALUES (324, 12, 2, 2023, 0, 0, 0, 0, 0, 0, 0);
INSERT INTO public.team_attendance (n4_id, n4_team_id, n4_league_id, n4_season, n4_play, n4_win, n4_draw, n4_lost, n4_score, n4_conceded, n4_banned) VALUES (325, 12, 3, 2023, 0, 0, 0, 0, 0, 0, 0);
INSERT INTO public.team_attendance (n4_id, n4_team_id, n4_league_id, n4_season, n4_play, n4_win, n4_draw, n4_lost, n4_score, n4_conceded, n4_banned) VALUES (326, 12, 1, 2022, 0, 0, 0, 0, 0, 0, 0);
INSERT INTO public.team_attendance (n4_id, n4_team_id, n4_league_id, n4_season, n4_play, n4_win, n4_draw, n4_lost, n4_score, n4_conceded, n4_banned) VALUES (327, 12, 2, 2022, 0, 0, 0, 0, 0, 0, 0);
INSERT INTO public.team_attendance (n4_id, n4_team_id, n4_league_id, n4_season, n4_play, n4_win, n4_draw, n4_lost, n4_score, n4_conceded, n4_banned) VALUES (328, 12, 3, 2022, 0, 0, 0, 0, 0, 0, 0);
INSERT INTO public.team_attendance (n4_id, n4_team_id, n4_league_id, n4_season, n4_play, n4_win, n4_draw, n4_lost, n4_score, n4_conceded, n4_banned) VALUES (329, 13, 1, 2024, 0, 0, 0, 0, 0, 0, 0);
INSERT INTO public.team_attendance (n4_id, n4_team_id, n4_league_id, n4_season, n4_play, n4_win, n4_draw, n4_lost, n4_score, n4_conceded, n4_banned) VALUES (330, 13, 2, 2024, 0, 0, 0, 0, 0, 0, 0);
INSERT INTO public.team_attendance (n4_id, n4_team_id, n4_league_id, n4_season, n4_play, n4_win, n4_draw, n4_lost, n4_score, n4_conceded, n4_banned) VALUES (331, 13, 3, 2024, 0, 0, 0, 0, 0, 0, 0);
INSERT INTO public.team_attendance (n4_id, n4_team_id, n4_league_id, n4_season, n4_play, n4_win, n4_draw, n4_lost, n4_score, n4_conceded, n4_banned) VALUES (332, 13, 1, 2023, 0, 0, 0, 0, 0, 0, 0);
INSERT INTO public.team_attendance (n4_id, n4_team_id, n4_league_id, n4_season, n4_play, n4_win, n4_draw, n4_lost, n4_score, n4_conceded, n4_banned) VALUES (333, 13, 2, 2023, 0, 0, 0, 0, 0, 0, 0);
INSERT INTO public.team_attendance (n4_id, n4_team_id, n4_league_id, n4_season, n4_play, n4_win, n4_draw, n4_lost, n4_score, n4_conceded, n4_banned) VALUES (334, 13, 3, 2023, 0, 0, 0, 0, 0, 0, 0);
INSERT INTO public.team_attendance (n4_id, n4_team_id, n4_league_id, n4_season, n4_play, n4_win, n4_draw, n4_lost, n4_score, n4_conceded, n4_banned) VALUES (335, 13, 1, 2022, 0, 0, 0, 0, 0, 0, 0);
INSERT INTO public.team_attendance (n4_id, n4_team_id, n4_league_id, n4_season, n4_play, n4_win, n4_draw, n4_lost, n4_score, n4_conceded, n4_banned) VALUES (336, 13, 2, 2022, 0, 0, 0, 0, 0, 0, 0);
INSERT INTO public.team_attendance (n4_id, n4_team_id, n4_league_id, n4_season, n4_play, n4_win, n4_draw, n4_lost, n4_score, n4_conceded, n4_banned) VALUES (337, 13, 3, 2022, 0, 0, 0, 0, 0, 0, 0);
INSERT INTO public.team_attendance (n4_id, n4_team_id, n4_league_id, n4_season, n4_play, n4_win, n4_draw, n4_lost, n4_score, n4_conceded, n4_banned) VALUES (338, 14, 1, 2024, 0, 0, 0, 0, 0, 0, 0);
INSERT INTO public.team_attendance (n4_id, n4_team_id, n4_league_id, n4_season, n4_play, n4_win, n4_draw, n4_lost, n4_score, n4_conceded, n4_banned) VALUES (339, 14, 2, 2024, 0, 0, 0, 0, 0, 0, 0);
INSERT INTO public.team_attendance (n4_id, n4_team_id, n4_league_id, n4_season, n4_play, n4_win, n4_draw, n4_lost, n4_score, n4_conceded, n4_banned) VALUES (340, 14, 3, 2024, 0, 0, 0, 0, 0, 0, 0);
INSERT INTO public.team_attendance (n4_id, n4_team_id, n4_league_id, n4_season, n4_play, n4_win, n4_draw, n4_lost, n4_score, n4_conceded, n4_banned) VALUES (341, 14, 2, 2023, 0, 0, 0, 0, 0, 0, 0);
INSERT INTO public.team_attendance (n4_id, n4_team_id, n4_league_id, n4_season, n4_play, n4_win, n4_draw, n4_lost, n4_score, n4_conceded, n4_banned) VALUES (342, 14, 3, 2023, 0, 0, 0, 0, 0, 0, 0);
INSERT INTO public.team_attendance (n4_id, n4_team_id, n4_league_id, n4_season, n4_play, n4_win, n4_draw, n4_lost, n4_score, n4_conceded, n4_banned) VALUES (343, 14, 2, 2022, 0, 0, 0, 0, 0, 0, 0);
INSERT INTO public.team_attendance (n4_id, n4_team_id, n4_league_id, n4_season, n4_play, n4_win, n4_draw, n4_lost, n4_score, n4_conceded, n4_banned) VALUES (344, 14, 3, 2022, 0, 0, 0, 0, 0, 0, 0);
INSERT INTO public.team_attendance (n4_id, n4_team_id, n4_league_id, n4_season, n4_play, n4_win, n4_draw, n4_lost, n4_score, n4_conceded, n4_banned) VALUES (345, 15, 1, 2024, 0, 0, 0, 0, 0, 0, 0);
INSERT INTO public.team_attendance (n4_id, n4_team_id, n4_league_id, n4_season, n4_play, n4_win, n4_draw, n4_lost, n4_score, n4_conceded, n4_banned) VALUES (346, 15, 2, 2024, 0, 0, 0, 0, 0, 0, 0);
INSERT INTO public.team_attendance (n4_id, n4_team_id, n4_league_id, n4_season, n4_play, n4_win, n4_draw, n4_lost, n4_score, n4_conceded, n4_banned) VALUES (347, 15, 3, 2024, 0, 0, 0, 0, 0, 0, 0);
INSERT INTO public.team_attendance (n4_id, n4_team_id, n4_league_id, n4_season, n4_play, n4_win, n4_draw, n4_lost, n4_score, n4_conceded, n4_banned) VALUES (348, 15, 1, 2023, 0, 0, 0, 0, 0, 0, 0);
INSERT INTO public.team_attendance (n4_id, n4_team_id, n4_league_id, n4_season, n4_play, n4_win, n4_draw, n4_lost, n4_score, n4_conceded, n4_banned) VALUES (349, 15, 2, 2023, 0, 0, 0, 0, 0, 0, 0);
INSERT INTO public.team_attendance (n4_id, n4_team_id, n4_league_id, n4_season, n4_play, n4_win, n4_draw, n4_lost, n4_score, n4_conceded, n4_banned) VALUES (350, 15, 3, 2023, 0, 0, 0, 0, 0, 0, 0);
INSERT INTO public.team_attendance (n4_id, n4_team_id, n4_league_id, n4_season, n4_play, n4_win, n4_draw, n4_lost, n4_score, n4_conceded, n4_banned) VALUES (351, 15, 1, 2022, 0, 0, 0, 0, 0, 0, 0);
INSERT INTO public.team_attendance (n4_id, n4_team_id, n4_league_id, n4_season, n4_play, n4_win, n4_draw, n4_lost, n4_score, n4_conceded, n4_banned) VALUES (352, 15, 2, 2022, 0, 0, 0, 0, 0, 0, 0);
INSERT INTO public.team_attendance (n4_id, n4_team_id, n4_league_id, n4_season, n4_play, n4_win, n4_draw, n4_lost, n4_score, n4_conceded, n4_banned) VALUES (353, 15, 3, 2022, 0, 0, 0, 0, 0, 0, 0);
INSERT INTO public.team_attendance (n4_id, n4_team_id, n4_league_id, n4_season, n4_play, n4_win, n4_draw, n4_lost, n4_score, n4_conceded, n4_banned) VALUES (354, 16, 1, 2024, 0, 0, 0, 0, 0, 0, 0);
INSERT INTO public.team_attendance (n4_id, n4_team_id, n4_league_id, n4_season, n4_play, n4_win, n4_draw, n4_lost, n4_score, n4_conceded, n4_banned) VALUES (355, 16, 2, 2024, 0, 0, 0, 0, 0, 0, 0);
INSERT INTO public.team_attendance (n4_id, n4_team_id, n4_league_id, n4_season, n4_play, n4_win, n4_draw, n4_lost, n4_score, n4_conceded, n4_banned) VALUES (356, 16, 3, 2024, 0, 0, 0, 0, 0, 0, 0);
INSERT INTO public.team_attendance (n4_id, n4_team_id, n4_league_id, n4_season, n4_play, n4_win, n4_draw, n4_lost, n4_score, n4_conceded, n4_banned) VALUES (357, 16, 1, 2023, 0, 0, 0, 0, 0, 0, 0);
INSERT INTO public.team_attendance (n4_id, n4_team_id, n4_league_id, n4_season, n4_play, n4_win, n4_draw, n4_lost, n4_score, n4_conceded, n4_banned) VALUES (358, 16, 2, 2023, 0, 0, 0, 0, 0, 0, 0);
INSERT INTO public.team_attendance (n4_id, n4_team_id, n4_league_id, n4_season, n4_play, n4_win, n4_draw, n4_lost, n4_score, n4_conceded, n4_banned) VALUES (359, 16, 3, 2023, 0, 0, 0, 0, 0, 0, 0);
INSERT INTO public.team_attendance (n4_id, n4_team_id, n4_league_id, n4_season, n4_play, n4_win, n4_draw, n4_lost, n4_score, n4_conceded, n4_banned) VALUES (360, 16, 1, 2022, 0, 0, 0, 0, 0, 0, 0);
INSERT INTO public.team_attendance (n4_id, n4_team_id, n4_league_id, n4_season, n4_play, n4_win, n4_draw, n4_lost, n4_score, n4_conceded, n4_banned) VALUES (361, 16, 2, 2022, 0, 0, 0, 0, 0, 0, 0);
INSERT INTO public.team_attendance (n4_id, n4_team_id, n4_league_id, n4_season, n4_play, n4_win, n4_draw, n4_lost, n4_score, n4_conceded, n4_banned) VALUES (362, 16, 3, 2022, 0, 0, 0, 0, 0, 0, 0);
INSERT INTO public.team_attendance (n4_id, n4_team_id, n4_league_id, n4_season, n4_play, n4_win, n4_draw, n4_lost, n4_score, n4_conceded, n4_banned) VALUES (363, 17, 1, 2024, 0, 0, 0, 0, 0, 0, 0);
INSERT INTO public.team_attendance (n4_id, n4_team_id, n4_league_id, n4_season, n4_play, n4_win, n4_draw, n4_lost, n4_score, n4_conceded, n4_banned) VALUES (364, 17, 2, 2024, 0, 0, 0, 0, 0, 0, 0);
INSERT INTO public.team_attendance (n4_id, n4_team_id, n4_league_id, n4_season, n4_play, n4_win, n4_draw, n4_lost, n4_score, n4_conceded, n4_banned) VALUES (365, 17, 3, 2024, 0, 0, 0, 0, 0, 0, 0);
INSERT INTO public.team_attendance (n4_id, n4_team_id, n4_league_id, n4_season, n4_play, n4_win, n4_draw, n4_lost, n4_score, n4_conceded, n4_banned) VALUES (366, 17, 1, 2023, 0, 0, 0, 0, 0, 0, 0);
INSERT INTO public.team_attendance (n4_id, n4_team_id, n4_league_id, n4_season, n4_play, n4_win, n4_draw, n4_lost, n4_score, n4_conceded, n4_banned) VALUES (367, 17, 2, 2023, 0, 0, 0, 0, 0, 0, 0);
INSERT INTO public.team_attendance (n4_id, n4_team_id, n4_league_id, n4_season, n4_play, n4_win, n4_draw, n4_lost, n4_score, n4_conceded, n4_banned) VALUES (368, 17, 3, 2023, 0, 0, 0, 0, 0, 0, 0);
INSERT INTO public.team_attendance (n4_id, n4_team_id, n4_league_id, n4_season, n4_play, n4_win, n4_draw, n4_lost, n4_score, n4_conceded, n4_banned) VALUES (369, 17, 1, 2022, 0, 0, 0, 0, 0, 0, 0);
INSERT INTO public.team_attendance (n4_id, n4_team_id, n4_league_id, n4_season, n4_play, n4_win, n4_draw, n4_lost, n4_score, n4_conceded, n4_banned) VALUES (370, 17, 2, 2022, 0, 0, 0, 0, 0, 0, 0);
INSERT INTO public.team_attendance (n4_id, n4_team_id, n4_league_id, n4_season, n4_play, n4_win, n4_draw, n4_lost, n4_score, n4_conceded, n4_banned) VALUES (371, 17, 3, 2022, 0, 0, 0, 0, 0, 0, 0);
INSERT INTO public.team_attendance (n4_id, n4_team_id, n4_league_id, n4_season, n4_play, n4_win, n4_draw, n4_lost, n4_score, n4_conceded, n4_banned) VALUES (372, 18, 2, 2024, 0, 0, 0, 0, 0, 0, 0);
INSERT INTO public.team_attendance (n4_id, n4_team_id, n4_league_id, n4_season, n4_play, n4_win, n4_draw, n4_lost, n4_score, n4_conceded, n4_banned) VALUES (373, 18, 3, 2024, 0, 0, 0, 0, 0, 0, 0);
INSERT INTO public.team_attendance (n4_id, n4_team_id, n4_league_id, n4_season, n4_play, n4_win, n4_draw, n4_lost, n4_score, n4_conceded, n4_banned) VALUES (374, 18, 2, 2023, 0, 0, 0, 0, 0, 0, 0);
INSERT INTO public.team_attendance (n4_id, n4_team_id, n4_league_id, n4_season, n4_play, n4_win, n4_draw, n4_lost, n4_score, n4_conceded, n4_banned) VALUES (375, 18, 3, 2023, 0, 0, 0, 0, 0, 0, 0);
INSERT INTO public.team_attendance (n4_id, n4_team_id, n4_league_id, n4_season, n4_play, n4_win, n4_draw, n4_lost, n4_score, n4_conceded, n4_banned) VALUES (376, 18, 1, 2022, 0, 0, 0, 0, 0, 0, 0);
INSERT INTO public.team_attendance (n4_id, n4_team_id, n4_league_id, n4_season, n4_play, n4_win, n4_draw, n4_lost, n4_score, n4_conceded, n4_banned) VALUES (377, 18, 2, 2022, 0, 0, 0, 0, 0, 0, 0);
INSERT INTO public.team_attendance (n4_id, n4_team_id, n4_league_id, n4_season, n4_play, n4_win, n4_draw, n4_lost, n4_score, n4_conceded, n4_banned) VALUES (378, 18, 3, 2022, 0, 0, 0, 0, 0, 0, 0);
INSERT INTO public.team_attendance (n4_id, n4_team_id, n4_league_id, n4_season, n4_play, n4_win, n4_draw, n4_lost, n4_score, n4_conceded, n4_banned) VALUES (379, 19, 1, 2024, 0, 0, 0, 0, 0, 0, 0);
INSERT INTO public.team_attendance (n4_id, n4_team_id, n4_league_id, n4_season, n4_play, n4_win, n4_draw, n4_lost, n4_score, n4_conceded, n4_banned) VALUES (380, 19, 2, 2024, 0, 0, 0, 0, 0, 0, 0);
INSERT INTO public.team_attendance (n4_id, n4_team_id, n4_league_id, n4_season, n4_play, n4_win, n4_draw, n4_lost, n4_score, n4_conceded, n4_banned) VALUES (381, 19, 3, 2024, 0, 0, 0, 0, 0, 0, 0);
INSERT INTO public.team_attendance (n4_id, n4_team_id, n4_league_id, n4_season, n4_play, n4_win, n4_draw, n4_lost, n4_score, n4_conceded, n4_banned) VALUES (382, 19, 2, 2023, 0, 0, 0, 0, 0, 0, 0);
INSERT INTO public.team_attendance (n4_id, n4_team_id, n4_league_id, n4_season, n4_play, n4_win, n4_draw, n4_lost, n4_score, n4_conceded, n4_banned) VALUES (383, 19, 3, 2023, 0, 0, 0, 0, 0, 0, 0);
INSERT INTO public.team_attendance (n4_id, n4_team_id, n4_league_id, n4_season, n4_play, n4_win, n4_draw, n4_lost, n4_score, n4_conceded, n4_banned) VALUES (384, 19, 2, 2022, 0, 0, 0, 0, 0, 0, 0);
INSERT INTO public.team_attendance (n4_id, n4_team_id, n4_league_id, n4_season, n4_play, n4_win, n4_draw, n4_lost, n4_score, n4_conceded, n4_banned) VALUES (385, 19, 3, 2022, 0, 0, 0, 0, 0, 0, 0);
INSERT INTO public.team_attendance (n4_id, n4_team_id, n4_league_id, n4_season, n4_play, n4_win, n4_draw, n4_lost, n4_score, n4_conceded, n4_banned) VALUES (386, 20, 2, 2024, 0, 0, 0, 0, 0, 0, 0);
INSERT INTO public.team_attendance (n4_id, n4_team_id, n4_league_id, n4_season, n4_play, n4_win, n4_draw, n4_lost, n4_score, n4_conceded, n4_banned) VALUES (387, 20, 3, 2024, 0, 0, 0, 0, 0, 0, 0);
INSERT INTO public.team_attendance (n4_id, n4_team_id, n4_league_id, n4_season, n4_play, n4_win, n4_draw, n4_lost, n4_score, n4_conceded, n4_banned) VALUES (388, 20, 1, 2023, 0, 0, 0, 0, 0, 0, 0);
INSERT INTO public.team_attendance (n4_id, n4_team_id, n4_league_id, n4_season, n4_play, n4_win, n4_draw, n4_lost, n4_score, n4_conceded, n4_banned) VALUES (389, 20, 2, 2023, 0, 0, 0, 0, 0, 0, 0);
INSERT INTO public.team_attendance (n4_id, n4_team_id, n4_league_id, n4_season, n4_play, n4_win, n4_draw, n4_lost, n4_score, n4_conceded, n4_banned) VALUES (390, 20, 3, 2023, 0, 0, 0, 0, 0, 0, 0);
INSERT INTO public.team_attendance (n4_id, n4_team_id, n4_league_id, n4_season, n4_play, n4_win, n4_draw, n4_lost, n4_score, n4_conceded, n4_banned) VALUES (391, 20, 1, 2022, 0, 0, 0, 0, 0, 0, 0);
INSERT INTO public.team_attendance (n4_id, n4_team_id, n4_league_id, n4_season, n4_play, n4_win, n4_draw, n4_lost, n4_score, n4_conceded, n4_banned) VALUES (392, 20, 2, 2022, 0, 0, 0, 0, 0, 0, 0);
INSERT INTO public.team_attendance (n4_id, n4_team_id, n4_league_id, n4_season, n4_play, n4_win, n4_draw, n4_lost, n4_score, n4_conceded, n4_banned) VALUES (393, 20, 3, 2022, 0, 0, 0, 0, 0, 0, 0);
INSERT INTO public.team_attendance (n4_id, n4_team_id, n4_league_id, n4_season, n4_play, n4_win, n4_draw, n4_lost, n4_score, n4_conceded, n4_banned) VALUES (394, 21, 1, 2024, 0, 0, 0, 0, 0, 0, 0);
INSERT INTO public.team_attendance (n4_id, n4_team_id, n4_league_id, n4_season, n4_play, n4_win, n4_draw, n4_lost, n4_score, n4_conceded, n4_banned) VALUES (395, 21, 2, 2024, 0, 0, 0, 0, 0, 0, 0);
INSERT INTO public.team_attendance (n4_id, n4_team_id, n4_league_id, n4_season, n4_play, n4_win, n4_draw, n4_lost, n4_score, n4_conceded, n4_banned) VALUES (396, 21, 3, 2024, 0, 0, 0, 0, 0, 0, 0);
INSERT INTO public.team_attendance (n4_id, n4_team_id, n4_league_id, n4_season, n4_play, n4_win, n4_draw, n4_lost, n4_score, n4_conceded, n4_banned) VALUES (397, 21, 1, 2023, 0, 0, 0, 0, 0, 0, 0);
INSERT INTO public.team_attendance (n4_id, n4_team_id, n4_league_id, n4_season, n4_play, n4_win, n4_draw, n4_lost, n4_score, n4_conceded, n4_banned) VALUES (398, 21, 2, 2023, 0, 0, 0, 0, 0, 0, 0);
INSERT INTO public.team_attendance (n4_id, n4_team_id, n4_league_id, n4_season, n4_play, n4_win, n4_draw, n4_lost, n4_score, n4_conceded, n4_banned) VALUES (399, 21, 3, 2023, 0, 0, 0, 0, 0, 0, 0);
INSERT INTO public.team_attendance (n4_id, n4_team_id, n4_league_id, n4_season, n4_play, n4_win, n4_draw, n4_lost, n4_score, n4_conceded, n4_banned) VALUES (400, 21, 1, 2022, 0, 0, 0, 0, 0, 0, 0);
INSERT INTO public.team_attendance (n4_id, n4_team_id, n4_league_id, n4_season, n4_play, n4_win, n4_draw, n4_lost, n4_score, n4_conceded, n4_banned) VALUES (401, 21, 2, 2022, 0, 0, 0, 0, 0, 0, 0);
INSERT INTO public.team_attendance (n4_id, n4_team_id, n4_league_id, n4_season, n4_play, n4_win, n4_draw, n4_lost, n4_score, n4_conceded, n4_banned) VALUES (402, 21, 3, 2022, 0, 0, 0, 0, 0, 0, 0);
INSERT INTO public.team_attendance (n4_id, n4_team_id, n4_league_id, n4_season, n4_play, n4_win, n4_draw, n4_lost, n4_score, n4_conceded, n4_banned) VALUES (403, 22, 2, 2024, 0, 0, 0, 0, 0, 0, 0);
INSERT INTO public.team_attendance (n4_id, n4_team_id, n4_league_id, n4_season, n4_play, n4_win, n4_draw, n4_lost, n4_score, n4_conceded, n4_banned) VALUES (404, 22, 3, 2024, 0, 0, 0, 0, 0, 0, 0);
INSERT INTO public.team_attendance (n4_id, n4_team_id, n4_league_id, n4_season, n4_play, n4_win, n4_draw, n4_lost, n4_score, n4_conceded, n4_banned) VALUES (405, 22, 1, 2023, 0, 0, 0, 0, 0, 0, 0);
INSERT INTO public.team_attendance (n4_id, n4_team_id, n4_league_id, n4_season, n4_play, n4_win, n4_draw, n4_lost, n4_score, n4_conceded, n4_banned) VALUES (406, 22, 2, 2023, 0, 0, 0, 0, 0, 0, 0);
INSERT INTO public.team_attendance (n4_id, n4_team_id, n4_league_id, n4_season, n4_play, n4_win, n4_draw, n4_lost, n4_score, n4_conceded, n4_banned) VALUES (407, 22, 3, 2023, 0, 0, 0, 0, 0, 0, 0);
INSERT INTO public.team_attendance (n4_id, n4_team_id, n4_league_id, n4_season, n4_play, n4_win, n4_draw, n4_lost, n4_score, n4_conceded, n4_banned) VALUES (408, 22, 1, 2022, 0, 0, 0, 0, 0, 0, 0);
INSERT INTO public.team_attendance (n4_id, n4_team_id, n4_league_id, n4_season, n4_play, n4_win, n4_draw, n4_lost, n4_score, n4_conceded, n4_banned) VALUES (409, 22, 2, 2022, 0, 0, 0, 0, 0, 0, 0);
INSERT INTO public.team_attendance (n4_id, n4_team_id, n4_league_id, n4_season, n4_play, n4_win, n4_draw, n4_lost, n4_score, n4_conceded, n4_banned) VALUES (410, 22, 3, 2022, 0, 0, 0, 0, 0, 0, 0);
INSERT INTO public.team_attendance (n4_id, n4_team_id, n4_league_id, n4_season, n4_play, n4_win, n4_draw, n4_lost, n4_score, n4_conceded, n4_banned) VALUES (411, 23, 1, 2024, 0, 0, 0, 0, 0, 0, 0);
INSERT INTO public.team_attendance (n4_id, n4_team_id, n4_league_id, n4_season, n4_play, n4_win, n4_draw, n4_lost, n4_score, n4_conceded, n4_banned) VALUES (412, 23, 2, 2024, 0, 0, 0, 0, 0, 0, 0);
INSERT INTO public.team_attendance (n4_id, n4_team_id, n4_league_id, n4_season, n4_play, n4_win, n4_draw, n4_lost, n4_score, n4_conceded, n4_banned) VALUES (413, 23, 3, 2024, 0, 0, 0, 0, 0, 0, 0);
INSERT INTO public.team_attendance (n4_id, n4_team_id, n4_league_id, n4_season, n4_play, n4_win, n4_draw, n4_lost, n4_score, n4_conceded, n4_banned) VALUES (414, 23, 1, 2023, 0, 0, 0, 0, 0, 0, 0);
INSERT INTO public.team_attendance (n4_id, n4_team_id, n4_league_id, n4_season, n4_play, n4_win, n4_draw, n4_lost, n4_score, n4_conceded, n4_banned) VALUES (415, 23, 2, 2023, 0, 0, 0, 0, 0, 0, 0);
INSERT INTO public.team_attendance (n4_id, n4_team_id, n4_league_id, n4_season, n4_play, n4_win, n4_draw, n4_lost, n4_score, n4_conceded, n4_banned) VALUES (416, 23, 3, 2023, 0, 0, 0, 0, 0, 0, 0);
INSERT INTO public.team_attendance (n4_id, n4_team_id, n4_league_id, n4_season, n4_play, n4_win, n4_draw, n4_lost, n4_score, n4_conceded, n4_banned) VALUES (417, 23, 1, 2022, 0, 0, 0, 0, 0, 0, 0);
INSERT INTO public.team_attendance (n4_id, n4_team_id, n4_league_id, n4_season, n4_play, n4_win, n4_draw, n4_lost, n4_score, n4_conceded, n4_banned) VALUES (418, 23, 2, 2022, 0, 0, 0, 0, 0, 0, 0);
INSERT INTO public.team_attendance (n4_id, n4_team_id, n4_league_id, n4_season, n4_play, n4_win, n4_draw, n4_lost, n4_score, n4_conceded, n4_banned) VALUES (419, 23, 3, 2022, 0, 0, 0, 0, 0, 0, 0);
INSERT INTO public.team_attendance (n4_id, n4_team_id, n4_league_id, n4_season, n4_play, n4_win, n4_draw, n4_lost, n4_score, n4_conceded, n4_banned) VALUES (420, 24, 1, 2024, 0, 0, 0, 0, 0, 0, 0);
INSERT INTO public.team_attendance (n4_id, n4_team_id, n4_league_id, n4_season, n4_play, n4_win, n4_draw, n4_lost, n4_score, n4_conceded, n4_banned) VALUES (421, 24, 2, 2024, 0, 0, 0, 0, 0, 0, 0);
INSERT INTO public.team_attendance (n4_id, n4_team_id, n4_league_id, n4_season, n4_play, n4_win, n4_draw, n4_lost, n4_score, n4_conceded, n4_banned) VALUES (422, 24, 3, 2024, 0, 0, 0, 0, 0, 0, 0);
INSERT INTO public.team_attendance (n4_id, n4_team_id, n4_league_id, n4_season, n4_play, n4_win, n4_draw, n4_lost, n4_score, n4_conceded, n4_banned) VALUES (423, 24, 1, 2023, 0, 0, 0, 0, 0, 0, 0);
INSERT INTO public.team_attendance (n4_id, n4_team_id, n4_league_id, n4_season, n4_play, n4_win, n4_draw, n4_lost, n4_score, n4_conceded, n4_banned) VALUES (424, 24, 2, 2023, 0, 0, 0, 0, 0, 0, 0);
INSERT INTO public.team_attendance (n4_id, n4_team_id, n4_league_id, n4_season, n4_play, n4_win, n4_draw, n4_lost, n4_score, n4_conceded, n4_banned) VALUES (425, 24, 3, 2023, 0, 0, 0, 0, 0, 0, 0);
INSERT INTO public.team_attendance (n4_id, n4_team_id, n4_league_id, n4_season, n4_play, n4_win, n4_draw, n4_lost, n4_score, n4_conceded, n4_banned) VALUES (426, 24, 1, 2022, 0, 0, 0, 0, 0, 0, 0);
INSERT INTO public.team_attendance (n4_id, n4_team_id, n4_league_id, n4_season, n4_play, n4_win, n4_draw, n4_lost, n4_score, n4_conceded, n4_banned) VALUES (427, 24, 2, 2022, 0, 0, 0, 0, 0, 0, 0);
INSERT INTO public.team_attendance (n4_id, n4_team_id, n4_league_id, n4_season, n4_play, n4_win, n4_draw, n4_lost, n4_score, n4_conceded, n4_banned) VALUES (428, 24, 3, 2022, 0, 0, 0, 0, 0, 0, 0);
INSERT INTO public.team_attendance (n4_id, n4_team_id, n4_league_id, n4_season, n4_play, n4_win, n4_draw, n4_lost, n4_score, n4_conceded, n4_banned) VALUES (429, 25, 1, 2024, 0, 0, 0, 0, 0, 0, 0);
INSERT INTO public.team_attendance (n4_id, n4_team_id, n4_league_id, n4_season, n4_play, n4_win, n4_draw, n4_lost, n4_score, n4_conceded, n4_banned) VALUES (430, 25, 2, 2024, 0, 0, 0, 0, 0, 0, 0);
INSERT INTO public.team_attendance (n4_id, n4_team_id, n4_league_id, n4_season, n4_play, n4_win, n4_draw, n4_lost, n4_score, n4_conceded, n4_banned) VALUES (431, 25, 3, 2024, 0, 0, 0, 0, 0, 0, 0);
INSERT INTO public.team_attendance (n4_id, n4_team_id, n4_league_id, n4_season, n4_play, n4_win, n4_draw, n4_lost, n4_score, n4_conceded, n4_banned) VALUES (432, 25, 2, 2023, 0, 0, 0, 0, 0, 0, 0);
INSERT INTO public.team_attendance (n4_id, n4_team_id, n4_league_id, n4_season, n4_play, n4_win, n4_draw, n4_lost, n4_score, n4_conceded, n4_banned) VALUES (433, 25, 3, 2023, 0, 0, 0, 0, 0, 0, 0);
INSERT INTO public.team_attendance (n4_id, n4_team_id, n4_league_id, n4_season, n4_play, n4_win, n4_draw, n4_lost, n4_score, n4_conceded, n4_banned) VALUES (434, 25, 2, 2022, 0, 0, 0, 0, 0, 0, 0);
INSERT INTO public.team_attendance (n4_id, n4_team_id, n4_league_id, n4_season, n4_play, n4_win, n4_draw, n4_lost, n4_score, n4_conceded, n4_banned) VALUES (435, 25, 3, 2022, 0, 0, 0, 0, 0, 0, 0);
